song_id,album,artist,title,Genre
2,"	2.mp3","The New Mystikal Troubadours	","	Tonight  A Lonely Century	","	Blues	"
3,"	3.mp3","Kevin MacLeod	","	DD Groove	","	Blues	"
4,"	4.mp3","Kevin MacLeod	","	Slow Burn	","	Blues	"
5,"	5.mp3","My Bubba & Mi	","	Nothing Much	","	Blues	"
7,"	7.mp3","Kevin MacLeod	","	Hustle	","	Blues	"
8,"	8.mp3","Kevin MacLeod	","	Dirt Rhodes	","	Blues	"
10,"	10.mp3","Arne Bang Huseby	","	Stormy Blues	","	Blues	"
12,"	12.mp3","Sul Rebel	","	Rebel Blues	","	Blues	"
13,"	13.mp3","My Bubba & Mi	","	Oh Kiss No	","	Blues	"
17,"	17.mp3","Phoephus	","	Fjcb Reddit Gtr Fills Mix	","	Blues	"
18,"	18.mp3","Black Rebel Motorcycle Club	","	Beat The Devil's Tattoo (Live @ KEXP)	","	Blues	"
19,"	19.mp3","WHO'S PANDA	","	Vultures	","	Blues	"
20,"	20.mp3","Stevie's Amp Shack	","	Blues Shuffle in A One Take Improv Exercise	","	Blues	"
21,"	21.mp3","Cian Nugent	","	My War Blues	","	Blues	"
22,"	22.mp3","The New Mystikal Troubadours	","	The Holy Feele	","	Blues	"
24,"	24.mp3","Bombay Laughing Club	","	Workin Boy Blues	","	Blues	"
25,"	25.mp3","The Jon Spencer Blues Explosion	","	RL Got Soul	","	Blues	"
31,"	31.mp3","Short Hand	","	All is Right	","	Blues	"
32,"	32.mp3","The Agrarians	","	Princely & Comely	","	Blues	"
35,"	35.mp3","Olima Anditi	","	Apoli	","	Blues	"
37,"	37.mp3","The Jon Spencer Blues Explosion	","	Afro	","	Blues	"
39,"	39.mp3","Barrence Whitfield and The Savages	","	Ramblin' Rose	","	Blues	"
40,"	40.mp3","Chuck Prophet	","	You And Me Baby (Holding On) (Live @ KEXP)	","	Blues	"
41,"	41.mp3","The New Mystikal Troubadours	","	Like Nothing Else	","	Blues	"
42,"	42.mp3","The New Mystikal Troubadours	","	A Cinematic Influence	","	Blues	"
43,"	43.mp3","The Agrarians	","	PuritansToo ","	Blues	"
44,"	44.mp3","Digital Primitives	","	Walkabout	","	Blues	"
45,"	45.mp3","Mountain Cult	","	Untitled 05	","	Blues	"
46,"	46.mp3","Little Howlin' Wolf	","	Shes Too Fat	","	Blues	"
47,"	47.mp3","Jahzzar	","	Boulevard St Germain	","	Blues	"
48,"	48.mp3","The New Mystikal Troubadours	","	Our Sacred Cues	","	Blues	"
49,"	49.mp3","The Agrarians	","	Our Nights on the Turnpike	","	Blues	"
50,"	50.mp3","Jahzzar	","	Railroad's Whiskey Co	","	Blues	"
51,"	51.mp3","The Agrarians	","	Fathers Tell Yr Sons ","	Blues	"
52,"	52.mp3","The Agrarians	","	Recognize An Hour Divine	","	Blues	"
53,"	53.mp3","The New Mystikal Troubadours	","	Owed to Old Poets  Our Role in the Play	","	Blues	"
54,"	54.mp3","Fit and the Conniptions	","	Broken	","	Blues	"
55,"	55.mp3","Big Bill Broonzy	","	Baby Please Don't Go ","	Blues	"
56,"	56.mp3","Vieux Farka Touré	","	Fafa	","	Blues	"
58,"	58.mp3","Fit and the Conniptions	","	Nothing's Any Fun Any More	","	Blues	"
59,"	59.mp3","The Agrarians	","	The Truth Is What We Make of It	","	Blues	"
60,"	60.mp3","Michael Chapman & The Woodpiles	","	Heat Index	","	Blues	"
62,"	62.mp3","Zombie Prom Queen	","	Baby's Got Morphine Eyes	","	Blues	"
64,"	64.mp3","The New Mystikal Troubadours	","	Jungle Love Revisited	","	Blues	"
65,"	65.mp3","The Jon Spencer Blues Explosion	","	Bellbottoms	","	Blues	"
67,"	67.mp3","The Jon Spencer Blues Explosion	","	Gadzooks	","	Blues	"
68,"	68.mp3","Cian Nugent	","	Sixes & Sevens (Excerpt)	","	Blues	"
69,"	69.mp3","Billy Childish	","	Keep Your Lamp Trimmed And Burning [traditional]	","	Blues	"
70,"	70.mp3","Michael Chapman & The Woodpiles	","	Deportee	","	Blues	"
71,"	71.mp3","The Agrarians	","	The Daily Dose Age	","	Blues	"
72,"	72.mp3","Crete Boom	","	Bona Fide	","	Blues	"
73,"	73.mp3","Solo Dja Kabako	","	Lalalala	","	Blues	"
74,"	74.mp3","Mount Carmel	","	Interview	","	Blues	"
76,"	76.mp3","Mountain Cult	","	Untitled 07	","	Blues	"
77,"	77.mp3","The Rope River Blues Band	","	Yr Blues Tripping	","	Blues	"
78,"	78.mp3","Mr. & Mrs. Smith	","	How to go to sleep	","	Blues	"
79,"	79.mp3","Digital Primitives	","	No Holiday	","	Blues	"
80,"	80.mp3","Lorenzo's Music	","	Roulette	","	Blues	"
81,"	81.mp3","The Agrarians	","	The Newest Fashions	","	Blues	"
82,"	82.mp3","Mr. & Mrs. Smith	","	Goin On	","	Blues	"
83,"	83.mp3","Paul  Wine  Jones	","	If You Love Me Like You Say	","	Blues	"
84,"	84.mp3","Mount Carmel	","	Swallow Me Up	","	Blues	"
85,"	85.mp3","Lantern	","	Out Of Our Heads	","	Blues	"
86,"	86.mp3","Eat at Joe's	","	Eat at Joe's	","	Blues	"
87,"	87.mp3","Mountain Cult	","	Untitled 04	","	Blues	"
88,"	88.mp3","Lorenzo's Music	","	We All Fall Down	","	Blues	"
89,"	89.mp3","The New Mystikal Troubadours	","	Common Experiences Man ","	Blues	"
90,"	90.mp3","Fit and the Conniptions	","	Wood For The Trees	","	Blues	"
91,"	91.mp3","Sim Cain	","	One	","	Blues	"
92,"	92.mp3","The Rope River Blues Band	","	Further	","	Blues	"
93,"	93.mp3","Betsy Olson	","	Waitin' (Live @ KEXP)	","	Blues	"
95,"	95.mp3","Steve Gunn	","	Old Strange	","	Blues	"
96,"	96.mp3","The Devil Makes Three	","	Aces and Twos (Live @ KEXP)	","	Blues	"
98,"	98.mp3","The Agrarians	","	The Index of Memory	","	Blues	"
99,"	99.mp3","The New Mystikal Troubadours	","	Chamber Blues' Tidal Band Presents	","	Blues	"
101,"	101.mp3","Mr. & Mrs. Smith	","	Least the Ocean is Wet	","	Blues	"
102,"	102.mp3","Marisa Anderson	","	Electricity	","	Blues	"
103,"	103.mp3","Mountain Cult	","	Untitled 01	","	Blues	"
104,"	104.mp3","The Rope River Blues Band	","	Ben Jonson's Blues	","	Blues	"
105,"	105.mp3","mojo monkeys	","	Girl Might Do	","	Blues	"
106,"	106.mp3","Fit and the Conniptions	","	Wander In A Dream	","	Blues	"
107,"	107.mp3","Tarred Brigade	","	We Three Kings	","	Blues	"
108,"	108.mp3","Califone	","	Giving Away The Bride (Live @ KEXP)	","	Blues	"
109,"	109.mp3","The Agrarians	","	You're the Wave  Wander!	","	Blues	"
110,"	110.mp3","The Agrarians	","	(Come On and Feele) The Faith in Me	","	Blues	"
111,"	111.mp3","Jawbone	","	Drop Down Low	","	Blues	"
112,"	112.mp3","Barrence Whitfield and The Savages	","	Big Mamou	","	Blues	"
113,"	113.mp3","The New Mystikal Troubadours	","	(Shuffling Towards) Art's Holy Shrine	","	Blues	"
114,"	114.mp3","Vieux Farka Touré	","	Inne (Live @ KEXP)	","	Blues	"
115,"	115.mp3","Barrence Whitfield and The Savages	","	Bip Bop Bip	","	Blues	"
116,"	116.mp3","Fit and the Conniptions	","	Mistress Song	","	Blues	"
117,"	117.mp3","Delta Dreambox	","	Queen of Loneliness	","	Blues	"
118,"	118.mp3","Cooper-Moore & Assif Tsahar	","	America	","	Blues	"
119,"	119.mp3","Amen Dunes	","	Ethio Song	","	Blues	"
120,"	120.mp3","Steve Gunn	","	Mr Franklin	","	Blues	"
121,"	121.mp3","Mr. & Mrs. Smith	","	The not so flashy Exit	","	Blues	"
122,"	122.mp3","The Agrarians	","	The Attack of Ev'ry Time	","	Blues	"
123,"	123.mp3","Vieux Farka Touré	","	Awei Womei (Live @ KEXP)	","	Blues	"
124,"	124.mp3","The Agrarians	","	The Banks of Eternity	","	Blues	"
125,"	125.mp3","The Agrarians	","	Songtress' Sweet Song	","	Blues	"
126,"	126.mp3","Lee Maddeford	","	Le petit jardin (with Les Gauchers Orchestra)	","	Classical	"
127,"	127.mp3","Evgeny Grinko	","	Sunset	","	Classical	"
128,"	128.mp3","Fabrizio Paterlini	","	Veloma	","	Classical	"
129,"	129.mp3","Oskar Schuster	","	Sneeuwland	","	Classical	"
130,"	130.mp3","Jared C. Balogh	","	Strides	","	Classical	"
131,"	131.mp3","Dexter Britain	","	Wonderland (Instrumental)	","	Classical	"
133,"	133.mp3","Ophir Ilzetzki	","	Aleph	","	Classical	"
134,"	134.mp3","Dexter Britain	","	Summers Coming	","	Classical	"
135,"	135.mp3","Jody Pou	","	O Solitude (H	","	Classical	"
136,"	136.mp3","Mystic Morrison Visions	","	Fourth	","	Classical	"
137,"	137.mp3","Aaron Dunn-Sonatina No. 1 in C Major 	","	 I	","	Classical	"
138,"	138.mp3","Silver Process	","	Encounters With Abusive Men	","	Classical	"
140,"	140.mp3","Jared C. Balogh	","	Shaking Off The Rust	","	Classical	"
142,"	142.mp3","Circus Marcus-Aux puces nº2 	","	 Carosello	","	Classical	"
143,"	143.mp3","Circus Marcus	","	Aux puces nº5	","	Classical	"
144,"	144.mp3","krackatoa	","	The Passing of Time	","	Classical	"
145,"	145.mp3","Kevin MacLeod	","	The Forest and the Trees	","	Classical	"
146,"	146.mp3","Marcel Pequel	","	Nine	","	Classical	"
148,"	148.mp3","krackatoa	","	Bending Light Infinity version	","	Classical	"
149,"	149.mp3","Kevin MacLeod	","	Gagool	","	Classical	"
150,"	150.mp3","Steven Arntson	","	Bow to Your Neighbor (Excerpt)	","	Classical	"
151,"	151.mp3","James Beaudreau	","	Pacifico	","	Classical	"
152,"	152.mp3","Dexter Britain	","	The Tea Party	","	Classical	"
153,"	153.mp3","Evgeny Grinko	","	Blizzard	","	Classical	"
154,"	154.mp3","Lee Maddeford	","	Ouverture	","	Classical	"
155,"	155.mp3","Jared C. Balogh	","	Cyprus	","	Classical	"
156,"	156.mp3","Lee Maddeford	","	Wheel of fortune (with Les Gauchers Orchestra)	","	Classical	"
157,"	157.mp3","Jamie Evans	","	Opening Doors	","	Classical	"
158,"	158.mp3","Peter Rudenko	","	5 00 AM	","	Classical	"
159,"	159.mp3","Silver Process	","	Awaken From A Nightmare	","	Classical	"
160,"	160.mp3","Advent Chamber Orchestra-Bughici 	","	 Suite for Violin 9 Hora vivace","	Classical	"
161,"	161.mp3","MIT Concert Choir	","	O Fortuna	","	Classical	"
162,"	162.mp3","Circus Marcus	","	Le bal de Rémy	","	Classical	"
163,"	163.mp3","Jared C. Balogh	","	Caught In A Realm	","	Classical	"
164,"	164.mp3","Silver Process-Skid	","	Row Night	","	Classical	"
166,"	166.mp3","Dexter Britain	","	Stop It (Instrumental)	","	Classical	"
167,"	167.mp3","Circus Marcus-Aux puces nº1 	","	 Les chaises Louis XVI	","	Classical	"
168,"	168.mp3","Kevin MacLeod	","	Funeral March for Brass	","	Classical	"
169,"	169.mp3","Jody Pou	","	Black Coffee	","	Classical	"
170,"	170.mp3","Circus Marcus-Aux puces nº6 	","	 La Flor de Olmedo	","	Classical	"
171,"	171.mp3","Chris Zabriskie	","	That Kid in Fourth Grade Who Really Liked the Denver Broncos	","	Classical	"
172,"	172.mp3","Chris Zabriskie	","	The Temperature of the Air on the Bow of the Kaleetan	","	Classical	"
173,"	173.mp3","Andrew Bisset-Cultural Dis	","	Ease	","	Classical	"
174,"	174.mp3","Jamie Evans	","	War And Peace	","	Classical	"
175,"	175.mp3","Steven Arntson	","	Don't You Want to Go to Heaven Uncle Sam  ","	Classical	"
176,"	176.mp3","Marcel Pequel	","	Six	","	Classical	"
177,"	177.mp3","IKOS David Clifton with the choirs of Peterborough Cathedral	","	O Come O Come Emmanuel	","	Classical	"
178,"	178.mp3","K-Conjog	","	Uno Is Walking	","	Classical	"
179,"	179.mp3","Dexter Britain	","	The Time To Run	","	Classical	"
180,"	180.mp3","Jared C. Balogh	","	Bridging and Mending	","	Classical	"
181,"	181.mp3","Steven Arntson	","	A Muddy Heart	","	Classical	"
182,"	182.mp3","Jessica Pavone	","	Dedicated to Elizabeth Cotten (with Matt Bauder)	","	Classical	"
184,"	184.mp3","Fabrizio Paterlini-Forever blue (March Rosetta re	","	imagined version)	","	Classical	"
185,"	185.mp3","Kevin MacLeod	","	Ghost Dance	","	Classical	"
186,"	186.mp3","Dexter Britain	","	Nights Tale	","	Classical	"
187,"	187.mp3","Evgeny Grinko	","	Other Child Room	","	Classical	"
188,"	188.mp3","Lee Maddeford	","	Tom's Lullaby (with Les Gauchers Orchestra)	","	Classical	"
189,"	189.mp3","Sláinte	","	Wild Rover with Bellevue Chamber Chorus	","	Classical	"
190,"	190.mp3","Kevin MacLeod	","	Virtutes Instrumenti	","	Classical	"
191,"	191.mp3","Kimiko Ishizaka	","	Variatio 14 a 2 Clav	","	Classical	"
192,"	192.mp3","Steven Arntson	","	Lucky	","	Classical	"
193,"	193.mp3","Matthew Mehlan	","	Hands	","	Classical	"
194,"	194.mp3","Jamie Evans	","	Reminiscence	","	Classical	"
195,"	195.mp3","Rebecca Foon	","	Golden Alley Reprise	","	Classical	"
196,"	196.mp3","Lanark	","	Borodin Butterfly	","	Classical	"
197,"	197.mp3","Marcel Pequel	","	Eight	","	Classical	"
198,"	198.mp3","Lee Rosevere	","	Red Danube	","	Classical	"
199,"	199.mp3","John Harrison with the Wichita State University Chamber Players	","	Spring Mvt 1 Allegro	","	Classical	"
201,"	201.mp3","Circus Marcus	","	Les crocodiles mangent aussi les bonshommes Wizzards	","	Classical	"
202,"	202.mp3","Chance's end	","	God Rest Ye Merry Gentlemen	","	Classical	"
203,"	203.mp3","Jared C. Balogh	","	WATCHING IT SNOW WHILE THINKING OF YOU	","	Classical	"
204,"	204.mp3","Joe Merolla	","	Sinfonia di Violoncello e AM RadioFinitura","	Classical	"
205,"	205.mp3","Chris Zabriskie	","	Prelude No	","	Classical	"
206,"	206.mp3","Ophir Ilzetzki	","	Unisons	","	Classical	"
207,"	207.mp3","Dexter Britain	","	Notebook Reading	","	Classical	"
208,"	208.mp3","Dexter Britain	","	Leave Well Enough Alone (Instrumental)	","	Classical	"
209,"	209.mp3","Kevin MacLeod	","	Amazing Grace 2011	","	Classical	"
210,"	210.mp3","Advent Chamber Orchestra-Bughici 	","	 Suite for Violin 8 Ardeleneascamoderato ","	Classical	"
211,"	211.mp3","Dexter Britain	","	After Christmas	","	Classical	"
212,"	212.mp3","Dexter Britain	","	My Song For January	","	Classical	"
213,"	213.mp3","Silver Process	","	Graveyard Illusions	","	Classical	"
214,"	214.mp3","Arnaud Roy	","	Blue sox	","	Classical	"
215,"	215.mp3","Silver Process	","	In A Party Watching A Party	","	Classical	"
216,"	216.mp3","Lloyd Rodgers	","	On Things Invisible to the Eye (Act II)	","	Classical	"
217,"	217.mp3","Jamie Evans	","	Haunted	","	Classical	"
218,"	218.mp3","Evgeny Grinko	","	the piano of the old seaman	","	Classical	"
219,"	219.mp3","The New Heaven and The New Earth	","	The Book of Floating	","	Classical	"
220,"	220.mp3","Silver Process	","	Jazz Band With Jazz Hands	","	Classical	"
221,"	221.mp3","The New York Underground Orchestra (Conducted By Assif Tsahar)	","	First	","	Classical	"
222,"	222.mp3","Ophir Ilzetzki	","	ha'zman	","	Classical	"
223,"	223.mp3","Marcel Pequel	","	One	","	Classical	"
224,"	224.mp3","LE CHEVALIER DE RINCHY	","	jingles interludes et dimanche minuit","	Classical	"
225,"	225.mp3","Jared C. Balogh	","	The Anticipation Of Spring	","	Classical	"
226,"	226.mp3","Jared C. Balogh	","	A TOUGH DECISION	","	Classical	"
227,"	227.mp3","Jared C. Balogh	","	SELF REFLECT	","	Classical	"
228,"	228.mp3","Evgeny Grinko	","	Woody Allen	","	Classical	"
229,"	229.mp3","Dexter Britain	","	Slow Motion Strut Version Two	","	Classical	"
231,"	231.mp3","Dexter Britain	","	Train	","	Classical	"
232,"	232.mp3","Advent Chamber Orchestra-Dvorak 	","	 Serenade for Strings Op22 in E Major larghetto	","	Classical	"
233,"	233.mp3","Jared C. Balogh	","	HURRY UP AND RAIN	","	Classical	"
234,"	234.mp3","Jessica Pavone	","	Dedicated to Leroy Jenkins	","	Classical	"
235,"	235.mp3","Steven Arntson	","	Flight of the Moth	","	Classical	"
236,"	236.mp3","Chuck Bettis & Joe Merolla	","	Transmutation Of Metals	","	Classical	"
237,"	237.mp3","Steven Arntson	","	Birth	","	Classical	"
238,"	238.mp3","Kevin MacLeod-J. S. Bach  Prelude in C 	","	 BWV 846	","	Classical	"
239,"	239.mp3","Marcel Pequel	","	Seven	","	Classical	"
240,"	240.mp3","Puh	","	Gammelvals	","	Classical	"
241,"	241.mp3","Dexter Britain	","	After The Week I've Had	","	Classical	"
242,"	242.mp3","IKOS David Clifton with the choirs of Peterborough Cathedral	","	Silent Night	","	Classical	"
243,"	243.mp3","MIT Concert Choir	","	Ave formosissima — O Fortuna (reprise)	","	Classical	"
244,"	244.mp3","Steven Arntson	","	Valediction	","	Classical	"
245,"	245.mp3","Advent Chamber Orchestra-Handel 	","	 Entrance to the Queen of Sheba for Two Oboes Strings and Continuo allegro ","	Classical	"
246,"	246.mp3","Silver Process	","	Traumatic Childhood	","	Classical	"
247,"	247.mp3","Jared C. Balogh	","	Micro Composition 10	","	Classical	"
248,"	248.mp3","Dexter Britain	","	Chasing Time	","	Classical	"
250,"	250.mp3","John Harrison with the Wichita State University Chamber Players	","	Winter Mvt 3 Allegro	","	Classical	"
253,"	253.mp3","The Rope River Blues Band	","	Dance!	","	Country	"
254,"	254.mp3","Scott Joplin	","	Original Rags (1900 piano roll) ","	Country	"
257,"	257.mp3","Stompin' Riff Raffs	","	Wine Wine Wine	","	Country	"
258,"	258.mp3","Mr. & Mrs. Smith	","	ChainSmoke Days	","	Country	"
260,"	260.mp3","The Moaners	","	Detroit	","	Country	"
262,"	262.mp3","Scott Joplin	","	The Entertainer (1902 piano roll) ","	Country	"
264,"	264.mp3","Peter Case	","	House Rent Jump	","	Country	"
265,"	265.mp3","George P. Watson	","	Emmet's Cuckoo Song	","	Country	"
266,"	266.mp3","Jason Shaw	","	SOLO ACOUSTIC GUITAR	","	Country	"
269,"	269.mp3","Paper Navy	","	Swan Song	","	Country	"
270,"	270.mp3","John H. Glover-Kind	","	I Do Like To Be Beside The Seaside (1907 piano roll) ","	Country	"
272,"	272.mp3","Jason Shaw	","	JENNY'S THEME	","	Country	"
273,"	273.mp3","Shake That Little Foot	","	Western Country	","	Country	"
274,"	274.mp3","LE CLUB DES CHATS	","	Mochi	","	Country	"
275,"	275.mp3","Caühaüs	","	Rednecks with White Faces	","	Country	"
276,"	276.mp3","Secret Jane	","	Blackberry Hedge	","	Country	"
278,"	278.mp3","Jason Shaw	","	ACOUSTIC BLUES	","	Country	"
279,"	279.mp3","Krestovsky	","	Party	","	Country	"
280,"	280.mp3","Flying Cloud	","	Upper Room	","	Country	"
281,"	281.mp3","Percy Wenrich	","	The Smiler (1907Zonophone Concert Band) ","	Country	"
282,"	282.mp3","Dr. Frankenstein	","	Have You Seen It 	","	Country	"
284,"	284.mp3","Jahzzar	","	Last Dance	","	Country	"
285,"	285.mp3","Lucas Gonze	","	Death Valley Waltz	","	Country	"
286,"	286.mp3",Scott Joplin-Maple Leaf Rag (1899 Geisz version) ," Z. Brewster	","	Country	"
288,"	288.mp3","Jason Shaw	","	WORDS	","	Country	"
289,"	289.mp3","Scott Joplin	","	Pine Apple Rag (1908 piano roll) ","	Country	"
290,"	290.mp3","Abe Sada	","	The City	","	Country	"
292,"	292.mp3","Stompin' Riff Raffs	","	Horror Show	","	Country	"
293,"	293.mp3","Party People in a Can	","	Ayahuasca	","	Country	"
294,"	294.mp3","Moore and Gardner	","	Chinese Blues (1916 George Gershwin piano roll) ","	Country	"
296,"	296.mp3","Caravan of Thieves	","	Candy	","	Country	"
297,"	297.mp3","Wooden Ambulance	","	My Friend	","	Country	"
298,"	298.mp3","Moore & Sons	","	Obvious	","	Country	"
299,"	299.mp3","Jason Shaw	","	RUNNING WATERS	","	Country	"
300,"	300.mp3","The Brought Low	","	What I Found	","	Country	"
301,"	301.mp3","Shane Tutmarc	","	Never Turnin' Back (Live @ KEXP)	","	Country	"
302,"	302.mp3","Rose's Pawn Shop	","	Danger Behind The Wheel (Live @ KEXP)	","	Country	"
303,"	303.mp3","The Canoes	","	American English	","	Country	"
304,"	304.mp3","Jeremy Cohen & Matt Munisteri	","	Rose Room	","	Country	"
305,"	305.mp3","Rex Allen	","	Riding Down To Mexico	","	Country	"
306,"	306.mp3","James Scott	","	Frog Legs Rag (1906 piano roll)","	Country	"
307,"	307.mp3","Shake That Little Foot	","	Turkey in the Straw	","	Country	"
308,"	308.mp3","Jason Shaw	","	WHEELS	","	Country	"
309,"	309.mp3","Dr. Frankenstein	","	Theme for  The Mad Thinker 	","	Country	"
310,"	310.mp3","Mr. & Mrs. Smith	","	Neighborhood Funeral Dress	","	Country	"
311,"	311.mp3","Caravan of Thieves	","	Ghostwriter	","	Country	"
312,"	312.mp3","Austin Leonard Jones	","	Wild Guide	","	Country	"
313,"	313.mp3","Jason Shaw	","	TRAVEL LIGHT	","	Country	"
314,"	314.mp3","Austin Leonard Jones	","	Ox Driving Song	","	Country	"
315,"	315.mp3","Shake That Little Foot	","	Scotland the Brave	","	Country	"
316,"	316.mp3","Kenny Tudrick	","	The River	","	Country	"
317,"	317.mp3","Waylon Thornton	","	Rose Water	","	Country	"
318,"	318.mp3","Dr. Frankenstein	","	Emergency Exit	","	Country	"
319,"	319.mp3","Lucas Gonze	","	Frog In The Well	","	Country	"
320,"	320.mp3","Stompin' Riff Raffs	","	99 Chicks	","	Country	"
321,"	321.mp3","Dr. Frankenstein	","	Necrófago	","	Country	"
322,"	322.mp3","Pee Wee King	","	I Wanna Say Hello	","	Country	"
323,"	323.mp3","The Water Tower Bucket Boys	","	Pilgim Song (Live @ KEXP)	","	Country	"
324,"	324.mp3","Jason Shaw	","	SERENITY	","	Country	"
325,"	325.mp3","Chatham County Line	","	Birmingham Jail	","	Country	"
326,"	326.mp3","Jason Shaw	","	THINGAMAJIG	","	Country	"
327,"	327.mp3","Bandana Splits	","	Ricky Dee	","	Country	"
328,"	328.mp3","U Can Unlearn Guitar	","	Imna 'Merican	","	Country	"
329,"	329.mp3","Edith Frost	","	Cars and Parties	","	Country	"
330,"	330.mp3","Vonn Krapp Family	","	Loco Two	","	Country	"
332,"	332.mp3","Jason Shaw	","	FUNKY JUNKY	","	Country	"
333,"	333.mp3","Thee Irma & Louise	","	Live at the Winston	","	Country	"
334,"	334.mp3","Universal Jubilaires	","	Childhood Days	","	Country	"
335,"	335.mp3","Trampled By Turtles	","	Help You (Live @ KEXP)	","	Country	"
336,"	336.mp3","The Shut-Ins	","	Rock n Roll McDonald's	","	Country	"
338,"	338.mp3","Bureaucratica	","	Southern Gothic	","	Country	"
339,"	339.mp3","Jason Shaw	","	ROCKY TOP	","	Country	"
340,"	340.mp3","Peter Case	","	30 Days in the Workhouse	","	Country	"
341,"	341.mp3","Audra Kubat	","	Columbine	","	Country	"
342,"	342.mp3","Jason Shaw	","	ACOUSTIC MEDITATION	","	Country	"
343,"	343.mp3","Chatham County Line	","	Clear Blue Sky	","	Country	"
344,"	344.mp3","Jason Shaw	","	ONE FINE DAY	","	Country	"
345,"	345.mp3","Stompin' Riff Raffs	","	You Shake Me	","	Country	"
346,"	346.mp3","Jason Shaw	","	TENNESEE HAYRIDE	","	Country	"
347,"	347.mp3","Johnny Bond	","	Goodbye Old Paint	","	Country	"
348,"	348.mp3","Austin Leonard Jones	","	I Wish I Was A Headlight	","	Country	"
349,"	349.mp3","Jim Long	","	There Were Some Famous Artists	","	Country	"
350,"	350.mp3","Jason Shaw	","	BACK TO THE WOODS	","	Country	"
352,"	352.mp3","Lucas Gonze	","	Talk About Suffering	","	Country	"
353,"	353.mp3","Johnny Bond	","	Birmingham Jail	","	Country	"
354,"	354.mp3","Eric Villa	","	 If Not For Your Sweet Heart 	","	Country	"
355,"	355.mp3","Al Duvall-Stuck On A Hat	","	Check Girl	","	Country	"
356,"	356.mp3","Jason Shaw	","	SNAPPY	","	Country	"
357,"	357.mp3","D. Charles Speer & the Helix	","	Red Clay Road	","	Country	"
358,"	358.mp3","Bill Crosson	","	Love Song To Little Trees	","	Country	"
359,"	359.mp3","Jahzzar	","	Bed	","	Country	"
360,"	360.mp3","Jason Shaw	","	NICE AND EASY	","	Country	"
361,"	361.mp3","Jason Shaw	","	AUTUMN SUNSET	","	Country	"
362,"	362.mp3","Jason Shaw	","	RIVER MEDITATION	","	Country	"
364,"	364.mp3","Jason Shaw	","	MOUNTAIN SUN	","	Country	"
365,"	365.mp3","Shake That Little Foot	","	Waterbound	","	Country	"
366,"	366.mp3","Golden Boys	","	Dirty Fingernails	","	Country	"
367,"	367.mp3","Tift Merritt	","	After Today	","	Country	"
368,"	368.mp3","Spade Cooley &  the Western Swing Dance Gang Feat. Tex Williams	","	Better Do It Now	","	Country	"
369,"	369.mp3","Mr. & Mrs. Smith	","	Mr	","	Country	"
370,"	370.mp3","The Trumpeteers	","	Little Wooden Church	","	Country	"
371,"	371.mp3","Stapleton Brothers-Call of the Whip-Poor	","	Will	","	Country	"
372,"	372.mp3","QQQ	","	Runaway Puppy	","	Country	"
374,"	374.mp3","The Crevulators	","	Gambler's Blues	","	Country	"
375,"	375.mp3","Mr. & Mrs. Smith	","	Bit a Bullet	","	Country	"
376,"	376.mp3","Broke For Free	","	Night Owl	","	Electronic	"
378,"	378.mp3","Graphiqs Groove	","	Deep Sky Blue	","	Electronic	"
379,"	379.mp3","LJ Kruzer	","	Chantiers Navals 412	","	Electronic	"
380,"	380.mp3","Macaw	","	Five Minutes at the Rainforest Cafe	","	Electronic	"
381,"	381.mp3","Hot Fire-Them Never Love No Bans 	","	 DnB Mix (Germany)	","	Electronic	"
383,"	383.mp3","Neuroleptic Trio	","	Neuroleptic trio instrumental 5	","	Electronic	"
384,"	384.mp3","Ghost Hunter	","	Whirlwind Dance	","	Electronic	"
386,"	386.mp3","Broke For Free	","	As Colorful As Ever	","	Electronic	"
387,"	387.mp3","Risey	","	Memories Of Thailand (Beat Doctor's 'stuck in Britain' remix)	","	Electronic	"
390,"	390.mp3","Beat Culture	","	Midori	","	Electronic	"
391,"	391.mp3","Morphamish	","	Another Position (original mix)	","	Electronic	"
392,"	392.mp3","Ghostly Dust Machine	","	Ode To A Baby Snowstorm	","	Electronic	"
393,"	393.mp3","Max Tundra	","	Lysine	","	Electronic	"
395,"	395.mp3","Foniqz	","	Spectrum (Subdiffusion Mix)	","	Electronic	"
397,"	397.mp3","Lucky Dragons	","	Mercy	","	Electronic	"
399,"	399.mp3","Dexter Britain	","	Waking Up (Instrumental)	","	Electronic	"
400,"	400.mp3","Asthmatic Astronaut	","	Run The Tape	","	Electronic	"
401,"	401.mp3","Broke For Free	","	Something Elated	","	Electronic	"
402,"	402.mp3","Patrick Lee	","	Quittin' Time	","	Electronic	"
403,"	403.mp3","Daddy_Scrabble	","	Flying pea v	","	Electronic	"
404,"	404.mp3","Broke For Free	","	Calm The Fuck Down	","	Electronic	"
405,"	405.mp3","Kevin MacLeod	","	Presenterator	","	Electronic	"
406,"	406.mp3","Smersh	","	My God Those Legs	","	Electronic	"
407,"	407.mp3","Digi G'Alessio-ekiti son feat valeska 	","	 april deegee rmx	","	Electronic	"
408,"	408.mp3","EeL	","	snow world under the white moon	","	Electronic	"
410,"	410.mp3","Zero V	","	Twinkling	","	Electronic	"
415,"	415.mp3","Phoniandflore	","	Dubsteady	","	Electronic	"
416,"	416.mp3","Bitbasic	","	Please Mind the Dubstep	","	Electronic	"
419,"	419.mp3","Antiphon	","	over and under	","	Electronic	"
420,"	420.mp3","Casetofoane	","	90	","	Electronic	"
422,"	422.mp3","Lee Rosevere	","	Moonlight and Roses	","	Electronic	"
423,"	423.mp3","Glass Boy	","	My Pretty Looking Clothes	","	Electronic	"
425,"	425.mp3","Decktonic	","	Stars	","	Electronic	"
426,"	426.mp3","Asura	","	Whispering Through	","	Electronic	"
427,"	427.mp3","Tours	","	Enthusiast	","	Electronic	"
428,"	428.mp3","Revolution Void	","	How Exciting	","	Electronic	"
429,"	429.mp3","Chris Zabriskie	","	Divider	","	Electronic	"
430,"	430.mp3","Vitus Von Degen	","	Black Gloves	","	Electronic	"
431,"	431.mp3","Dub Terminator	","	Dub steps	","	Electronic	"
432,"	432.mp3","Pierlo	","	Barbarian	","	Electronic	"
435,"	435.mp3","Broke For Free	","	Warm Up Suit	","	Electronic	"
436,"	436.mp3","Digi G'Alessio	","	raw instrumental pt	","	Electronic	"
437,"	437.mp3","Psychadelik Pedestrian	","	Night Beach	","	Electronic	"
440,"	440.mp3","Immortal Beats	","	Oh Wee	","	Electronic	"
441,"	441.mp3","M.W.D.	","	Singing Forest	","	Electronic	"
442,"	442.mp3","Volfoniq-Memori [Amentu Segretu 	","	 Arrogalla remix feat Andrea Congia]	","	Electronic	"
444,"	444.mp3","Augustus Bro & Gallery Six	","	People Living And Leaving Big Citys	","	Electronic	"
445,"	445.mp3","Bacalao	","	Casual Graphic Designer	","	Electronic	"
448,"	448.mp3","Anitek	","	Destination	","	Electronic	"
449,"	449.mp3","Orbique	","	simple	","	Electronic	"
450,"	450.mp3","Ghosts	","	Grief And Sleep	","	Electronic	"
451,"	451.mp3","Thick Business	","	Smoothest Runes	","	Electronic	"
452,"	452.mp3","YACHT-Shangri	","	La (instrumental)	","	Electronic	"
453,"	453.mp3","Broke For Free	","	Only Instrumental	","	Electronic	"
454,"	454.mp3","Wake	","	Steppin	","	Electronic	"
455,"	455.mp3","Music For Your Plants	","	Expedition Chant Cup	","	Electronic	"
456,"	456.mp3","Stickfigure	","	Crack in Time	","	Electronic	"
458,"	458.mp3","Nameless Dancers	","	Night Fly	","	Electronic	"
459,"	459.mp3","Mutherpluckin' B	","	Cryin in the Delta Wind	","	Electronic	"
460,"	460.mp3","Flex Vector	","	Inner Demon	","	Electronic	"
461,"	461.mp3","Sycamore Drive	","	Ocean Breeze	","	Electronic	"
462,"	462.mp3","Morsa-Erotic Post	","	Ironic (feat	","	Electronic	"
463,"	463.mp3","Lomovolokno	","	Overlay Star	","	Electronic	"
464,"	464.mp3","Plurabelle	","	Ropes	","	Electronic	"
466,"	466.mp3","Fanas	","	Forever falling up	","	Electronic	"
467,"	467.mp3","Peter Sharp	","	Runtime error	","	Electronic	"
468,"	468.mp3","Zero V	","	Hiss	","	Electronic	"
469,"	469.mp3","Broke For Free	","	Knock Knock	","	Electronic	"
472,"	472.mp3","Listen With Sarah	","	I	","	Electronic	"
473,"	473.mp3","Illocanblo	","	SmurfPulser	","	Electronic	"
475,"	475.mp3","Morphamish + MAKO	","	Ooo	","	Electronic	"
477,"	477.mp3","Decktonic	","	Night Drive	","	Electronic	"
478,"	478.mp3","Zero V	","	Initiation	","	Electronic	"
479,"	479.mp3","Jiony	","	Not Found (Invisible)	","	Electronic	"
480,"	480.mp3","Lee Rosevere-Chapter Seven - Re	","	entry	","	Electronic	"
481,"	481.mp3","Dexter Britain	","	Seeing The Future	","	Electronic	"
482,"	482.mp3","Julian Winter	","	LA	","	Electronic	"
484,"	484.mp3","Beat Doctor	","	Got Me (club mix)	","	Electronic	"
485,"	485.mp3","Psychadelik Pedestrian	","	Coral Reef	","	Electronic	"
486,"	486.mp3","Pulselooper	","	Neurociencia	","	Electronic	"
487,"	487.mp3","Foniqz	","	D2	","	Electronic	"
488,"	488.mp3","Blear Moon	","	Cold Summer Landscape	","	Electronic	"
489,"	489.mp3","The Protagonist!	","	Pink Fuzz!	","	Electronic	"
490,"	490.mp3","Apes on Tapes	","	Chico (The Way Out)	","	Electronic	"
492,"	492.mp3","M-PeX	","	Beryllos	","	Electronic	"
493,"	493.mp3","General Fuzz	","	summer	","	Electronic	"
494,"	494.mp3","Deltason	","	Garden Theme	","	Electronic	"
496,"	496.mp3","Adubter	","	OutroDub	","	Electronic	"
497,"	497.mp3","Flex Vector	","	The Beat Goes On	","	Electronic	"
498,"	498.mp3","Altered Carbon	","	Drown	","	Electronic	"
499,"	499.mp3","Isle	","	Bayview	","	Electronic	"
500,"	500.mp3","Music For Your Plants	","	القذافي الأمازون الحرس	","	Electronic	"
501,"	501.mp3","Possimiste	","	Behind The Seas	","	Folk	"
502,"	502.mp3","The Rope River Blues Band	","	Capulet	","	Folk	"
503,"	503.mp3","Plushgoolash	","	Big Gay Water Fight	","	Folk	"
504,"	504.mp3","Sam Shalabi	","	Rebetikaud	","	Folk	"
506,"	506.mp3","Keshco	","	Like Home	","	Folk	"
507,"	507.mp3","Caligine	","	Mε Πιάνουνε Ζαλάδες	","	Folk	"
512,"	512.mp3","Costa and Nero	","	Rast'e Tou Teke	","	Folk	"
513,"	513.mp3","Chan Wai Fat	","	Dream (instrumental)	","	Folk	"
514,"	514.mp3","Jason Shaw	","	SIDEWALK	","	Folk	"
515,"	515.mp3","Plankton Wat	","	Hash Smugglers Blues	","	Folk	"
518,"	518.mp3","Free Piece of Tape	","	Burning School	","	Folk	"
519,"	519.mp3","Morus Alba	","	MDMA (Pt	","	Folk	"
520,"	520.mp3","Moore & Sons	","	Broken Spell	","	Folk	"
521,"	521.mp3","Black Twig Pickers and Steve Gunn	","	Old Strange	","	Folk	"
522,"	522.mp3","Mike Cooper & Viv Corringham	","	New Rembetika   14	","	Folk	"
523,"	523.mp3","The Upsidedown-E	","	Love	","	Folk	"
524,"	524.mp3","Nettle	","	Black Eyes	","	Folk	"
525,"	525.mp3","Cooper-Moore	","	(h) Banjo Arba Minch Garden	","	Folk	"
527,"	527.mp3","Michael Chapman & The Woodpiles	","	A Stranger's Map of Texas	","	Folk	"
529,"	529.mp3","Hiiragi Fukuda	","	TV Dinner	","	Folk	"
530,"	530.mp3","The New Mystikal Troubadours	","	The Tropical Lounge Prayer Directory	","	Folk	"
535,"	535.mp3","Black Twig Pickers and Steve Gunn	","	Sally in the Garden Sifting Sand	","	Folk	"
536,"	536.mp3","Steven Arntson	","	Don't You Want to Go to HeavenUncle Sam  ","	Folk	"
537,"	537.mp3","Astral Social Club	","	Efoumernam Ena Vradi	","	Folk	"
540,"	540.mp3","Steve Gunn	","	Trouba	","	Folk	"
544,"	544.mp3","Rho	","	Day Into Night	","	Folk	"
547,"	547.mp3","Mr. & Mrs. Smith	","	It's all right	","	Folk	"
550,"	550.mp3","Michael Chapman & The Woodpiles	","	Titanic	","	Folk	"
551,"	551.mp3","Moore & Sons	","	Harmless Blues	","	Folk	"
554,"	554.mp3","Paneye	","	Wave Graves	","	Folk	"
555,"	555.mp3","The Agrarians	","	Views of The Holy & Divine	","	Folk	"
556,"	556.mp3","Steven Arntson	","	Life on the Odyssean Wave	","	Folk	"
558,"	558.mp3","My Bubba & Mi	","	Good Night Heart	","	Folk	"
560,"	560.mp3","Jahzzar	","	Vanlig	","	Folk	"
561,"	561.mp3","La Minor	","	La Minor Live at Pacific Parc Vol	","	Folk	"
564,"	564.mp3","Fit and the Conniptions	","	Solemn Ground	","	Folk	"
565,"	565.mp3","Amen Dunes	","	Sousta Politiki	","	Folk	"
568,"	568.mp3","U Can Unlearn Guitar	","	The Incredible Infection of Unintended Invection	","	Folk	"
574,"	574.mp3","Kevin MacLeod	","	Cattails	","	Folk	"
577,"	577.mp3","Jahzzar	","	Look inside	","	Folk	"
579,"	579.mp3","red_robin	","	The Surveyor	","	Folk	"
580,"	580.mp3","Cian Nugent	","	Grass Above My Head	","	Folk	"
581,"	581.mp3","Atlas Sound	","	Mona Lisa	","	Folk	"
582,"	582.mp3","Jason Shaw	","	12 MORNINGS	","	Folk	"
584,"	584.mp3","Ignatz	","	Stin Ypoga	","	Folk	"
585,"	585.mp3","Yair Yona	","	The Bright New Year (By Bert Jansch)	","	Folk	"
586,"	586.mp3","Greg Gibbs	","	Hemoglobin (Live at the Tonic Room)	","	Folk	"
591,"	591.mp3","The Sons Of The Pioneers	","	Whoopee Ti Yi Yo	","	Folk	"
592,"	592.mp3","Pietnastka	","	Tape Eater	","	Folk	"
594,"	594.mp3","Chan Wai Fat	","	Di Hei Hei (sung by Po Sun Yi)	","	Folk	"
597,"	597.mp3","Keshco	","	Wafternoon	","	Folk	"
598,"	598.mp3","Jahzzar	","	Joke	","	Folk	"
600,"	600.mp3","Joe Mazzola	","	32 Ford	","	Folk	"
605,"	605.mp3","The Simple Carnival	","	Flirt	","	Folk	"
606,"	606.mp3","Jahzzar	","	Ice Cream	","	Folk	"
607,"	607.mp3","James Blackshaw	","	Past Has Not Passed	","	Folk	"
608,"	608.mp3","Daniel Padden	","	Adinatisa O Kaymenos	","	Folk	"
609,"	609.mp3","M-PeX	","	Eter	","	Folk	"
610,"	610.mp3","Jahzzar	","	Shine	","	Folk	"
611,"	611.mp3","Jahzzar	","	Car Crash	","	Folk	"
612,"	612.mp3","Black Twig Pickers	","	Wild Horse of Stony Point	","	Folk	"
613,"	613.mp3","Jahzzar	","	Going to	","	Folk	"
614,"	614.mp3","Josh Woodward	","	I Want To Destroy Something Beautiful	","	Folk	"
615,"	615.mp3","Moore & Sons	","	Talking	","	Folk	"
616,"	616.mp3","Greg Gibbs	","	Hot Kettle and a Lonely Gun	","	Folk	"
617,"	617.mp3","The Peach Tree	","	A Clean Slate	","	Folk	"
620,"	620.mp3","M-PeX	","	Aqua	","	Folk	"
621,"	621.mp3","Carter Thornton	","	The Blender is Not Built For That	","	Folk	"
622,"	622.mp3","Greg Gibbs	","	Zoo	","	Folk	"
623,"	623.mp3","Jahzzar	","	Anniversary	","	Folk	"
625,"	625.mp3","Moore & Sons	","	Night Ahead	","	Folk	"
628,"	628.mp3","Latché Swing	","	Hungaria	","	Jazz	"
629,"	629.mp3","Goto80 and the Uwe Schenk Band	","	Volksing Ferretismico	","	Jazz	"
631,"	631.mp3","WWIII	","	Lansdowne	","	Jazz	"
632,"	632.mp3","Northbound	","	Forward	","	Jazz	"
634,"	634.mp3","Quantum Jazz	","	If I Can't Dance It's Not My Revolution	","	Jazz	"
635,"	635.mp3","Rat City Brass	","	The Third Man Theme (Live @ KEXP)	","	Jazz	"
637,"	637.mp3","Evgeny Grinko	","	It smells like Chamomile Tea	","	Jazz	"
638,"	638.mp3","Evgeny Grinko	","	Winter Sunshine	","	Jazz	"
639,"	639.mp3","Zero V	","	Indian Summer	","	Jazz	"
640,"	640.mp3","Los Sundayers	","	¡Qué Paciencia!	","	Jazz	"
643,"	643.mp3","Goto80 and the Uwe Schenk Band	","	Thriller Iller	","	Jazz	"
644,"	644.mp3","Antony Raijekov	","	By the Coast (2004)	","	Jazz	"
645,"	645.mp3","Cosmic Analog Ensemble	","	Mutatis Mutandis	","	Jazz	"
646,"	646.mp3","Kevin MacLeod	","	Backed Vibes Clean	","	Jazz	"
647,"	647.mp3","Revolution Void	","	Scattered Knowledge	","	Jazz	"
648,"	648.mp3","Latché Swing	","	Swing 39	","	Jazz	"
649,"	649.mp3","Nature	","	I Remember You	","	Jazz	"
650,"	650.mp3","Ido Bukelman	","	City Tail	","	Jazz	"
651,"	651.mp3","The Underscore Orkestra	","	Balancing Act	","	Jazz	"
652,"	652.mp3","Zero V	","	Don't Rush	","	Jazz	"
653,"	653.mp3","Kriss	","	Jazz Club	","	Jazz	"
654,"	654.mp3","Dizzy Banjo-Jazzy Macys (disquiet0038	","	asrealasitgets2)	","	Jazz	"
656,"	656.mp3","Stephan Siebert	","	when	","	Jazz	"
657,"	657.mp3","Goto80 and the Uwe Schenk Band	","	Ponky Fonky Ferret	","	Jazz	"
658,"	658.mp3","Kevin MacLeod	","	AcidJazz	","	Jazz	"
660,"	660.mp3","Daddy_Scrabble	","	05 CherryBlossom	","	Jazz	"
661,"	661.mp3","Oaxacan	","	Are	","	Jazz	"
662,"	662.mp3","Latché Swing	","	Rythme Gitan	","	Jazz	"
663,"	663.mp3","Spartak	","	Rail Star Mode	","	Jazz	"
664,"	664.mp3","Goto80 and the Uwe Schenk Band	","	Cable Swingin' Ferret	","	Jazz	"
665,"	665.mp3","Latché Swing	","	Sweet Georgia Brown	","	Jazz	"
666,"	666.mp3","Digital Primitives	","	Crackle & Pop	","	Jazz	"
667,"	667.mp3","Caravan of Thieves	","	I Can't Behave	","	Jazz	"
668,"	668.mp3","Daddy_Scrabble	","	LordDa Mercy	","	Jazz	"
671,"	671.mp3","Latché Swing	","	Menilmontant	","	Jazz	"
672,"	672.mp3","Kevin MacLeod	","	Vibe Ace	","	Jazz	"
673,"	673.mp3","Los Sundayers	","	Mirando Hacia Atrás	","	Jazz	"
674,"	674.mp3","Latché Swing	","	Songe D'Automne	","	Jazz	"
675,"	675.mp3","Merkel & Fritzemeier	","	Meetin' & Movin'	","	Jazz	"
676,"	676.mp3","The Underscore Orkestra	","	Chosen Kale Mazel Tov	","	Jazz	"
677,"	677.mp3","Neuroleptic Trio	","	Neuroleptic trio instrumental 6	","	Jazz	"
681,"	681.mp3","The Underscore Orkestra	","	Devil with the Devil	","	Jazz	"
682,"	682.mp3","Nature	","	Resonance	","	Jazz	"
684,"	684.mp3","Rushus	","	magic of fog	","	Jazz	"
685,"	685.mp3","Curha	","	George	","	Jazz	"
686,"	686.mp3","Sergi Boal	","	is there anybody out there	","	Jazz	"
687,"	687.mp3","The Underscore Orkestra	","	Balancing Act Chosen Kale Mazel Tov ","	Jazz	"
688,"	688.mp3","Lee Maddeford	","	Irresistible Yvette (with Les Gauchers Quintet)	","	Jazz	"
689,"	689.mp3","Antony Raijekov-Ambient	","	M (2003)	","	Jazz	"
690,"	690.mp3","Ann Alee	","	Infant Holy Infant Lowly ","	Jazz	"
691,"	691.mp3","Nature	","	Hard Time Killing Floor Blues	","	Jazz	"
692,"	692.mp3","Breuss Arrizabalaga Quintet-Nfamoudou	","	Boudougou	","	Jazz	"
693,"	693.mp3","Mystic Morrison Visions	","	Impressive	","	Jazz	"
695,"	695.mp3","Sunny Jain's Red Baraat Festival	","	Track 6	","	Jazz	"
696,"	696.mp3","Nature	","	Extraordinary Vibe	","	Jazz	"
697,"	697.mp3","DJ Harrison	","	VA Riding (Single Edit)	","	Jazz	"
698,"	698.mp3","Bonobo	","	The Keeper (Live @ KEXP)	","	Jazz	"
699,"	699.mp3","Jared C. Balogh	","	SYMPHONIC SLIDE	","	Jazz	"
700,"	700.mp3","Sephirot	","	Moon Dream (Extended Mix)	","	Jazz	"
702,"	702.mp3","WWIII	","	Shipyard	","	Jazz	"
703,"	703.mp3","Jazz at Mladost Club	","	Arana	","	Jazz	"
704,"	704.mp3","Daddy_Scrabble	","	Monkeys have arrived	","	Jazz	"
706,"	706.mp3","The Underscore Orkestra	","	Amari Szi	","	Jazz	"
707,"	707.mp3","Ben Holmes and Patrick Farrell	","	Prelude #2 in A Minor (Chopin)	","	Jazz	"
708,"	708.mp3","Trans Atlantic Rage	","	NO MATH 7	","	Jazz	"
709,"	709.mp3","The Underscore Orkestra	","	Jovanko	","	Jazz	"
710,"	710.mp3","Ehran Elisha and Roy Campbell	","	They Enter Through the Ear	","	Jazz	"
711,"	711.mp3","Kevin MacLeod	","	Dances and Dames	","	Jazz	"
712,"	712.mp3","Kevin MacLeod	","	As I Figure	","	Jazz	"
713,"	713.mp3","MarginalS	","	parte 1 parte 4 ","	Jazz	"
714,"	714.mp3","Nature	","	In The Techno Tent	","	Jazz	"
715,"	715.mp3","Jared C. Balogh	","	PULLING MYSELF UP THROUGH	","	Jazz	"
717,"	717.mp3","The Underscore Orkestra	","	Underscore Underwear	","	Jazz	"
718,"	718.mp3","The Underscore Orkestra	","	Cocek	","	Jazz	"
719,"	719.mp3","Los Sundayers	","	Transparente	","	Jazz	"
721,"	721.mp3","Nature	","	Mic Check	","	Jazz	"
722,"	722.mp3","Quantum Jazz	","	Orbiting A Distant Planet	","	Jazz	"
723,"	723.mp3","ProleteR	","	April Showers	","	Jazz	"
724,"	724.mp3","Rotterdam Ska Jazz Foundation	","	RSJFoundation live at Pacific Parc	","	Jazz	"
725,"	725.mp3","Mystic Morrison Visions	","	Octopus	","	Jazz	"
726,"	726.mp3","Cooper-Moore	","	Trio Take 5	","	Jazz	"
727,"	727.mp3","Jared C. Balogh	","	THE HAPPIEST LIFE	","	Jazz	"
728,"	728.mp3","The Underscore Orkestra	","	Magdalena	","	Jazz	"
729,"	729.mp3","The Luddites	","	Pepper Spray Blues	","	Jazz	"
730,"	730.mp3","Keinzweiter	","	Mircoobee	","	Jazz	"
731,"	731.mp3","Neuroleptic Trio	","	Džejbe Džejbe	","	Jazz	"
732,"	732.mp3","The Underscore Orkestra	","	Dobur Vecher	","	Jazz	"
733,"	733.mp3","Yair Yona	","	Mad About You	","	Jazz	"
734,"	734.mp3","Hugo 'Droopy' Contini	","	Sandu	","	Jazz	"
735,"	735.mp3","Revolution Void	","	Invisible Walls	","	Jazz	"
736,"	736.mp3","Kevin MacLeod-Night on the Docks 	","	 Sax	","	Jazz	"
737,"	737.mp3","DJ Harrison	","	Some Other Place	","	Jazz	"
738,"	738.mp3","The Underscore Orkestra	","	Blue Draggish	","	Jazz	"
739,"	739.mp3","Quantum Jazz	","	Balcarabic Chicken	","	Jazz	"
740,"	740.mp3","Gilad Atzmon	","	Futoristico	","	Jazz	"
741,"	741.mp3","The Underscore Orkestra	","	Broken String	","	Jazz	"
742,"	742.mp3","OPRACHINA-Oprachina 	","	 Nitro	","	Jazz	"
743,"	743.mp3","Blue Swerver	","	Tasky	","	Jazz	"
744,"	744.mp3","Thiago França	","	Capadócia	","	Jazz	"
745,"	745.mp3","Kreng	","	Maia	","	Jazz	"
746,"	746.mp3","The Moonlighters	","	My Blackbirds Are Bluebirds Now	","	Jazz	"
747,"	747.mp3","Stephan Siebert-auf	","	bruch	","	Jazz	"
748,"	748.mp3","Dirty Beaches	","	Night City	","	Jazz	"
749,"	749.mp3","Slumgum	","	Big Fun (New Ruckus)	","	Jazz	"
750,"	750.mp3","Ben Holmes and Patrick Farrell	","	Street Song  Honga	","	Jazz	"
756,"	756.mp3","Plurabelle	","	Lips	","	Pop	"
757,"	757.mp3","Kurt Vile	","	Freeway	","	Pop	"
758,"	758.mp3","ghostandthesong	","	Ou Inme	","	Pop	"
759,"	759.mp3","Lame Drivers	","	Frozen Egg	","	Pop	"
763,"	763.mp3","Jahzzar	","	Siesta	","	Pop	"
764,"	764.mp3","Sleeping Policemen	","	Vogelbird	","	Pop	"
767,"	767.mp3","Windom Earle	","	kirblooey	","	Pop	"
769,"	769.mp3","AMANDA	","	Chaos	","	Pop	"
773,"	773.mp3","U.S. Girls	","	The Island Song	","	Pop	"
775,"	775.mp3","Ghost Hunter	","	In The Early Months Of The Emergency	","	Pop	"
776,"	776.mp3","Ghost Hunter	","	Through The Haze Of The Green Glasses	","	Pop	"
777,"	777.mp3","The Strangers	","	A Little Too Fast	","	Pop	"
779,"	779.mp3","Macaw	","	What Circle Where	","	Pop	"
780,"	780.mp3","The Wildbunch	","	Gay_Bar_videogame	","	Pop	"
781,"	781.mp3","Delicate Steve	","	Butterfly	","	Pop	"
782,"	782.mp3","The Strangers	","	Who Are You	","	Pop	"
784,"	784.mp3","Benjamin Bret	","	Le Gateau Au Yaourt	","	Pop	"
787,"	787.mp3","coverclub.nl-Schotel van de Dag 	","	 Ride The Tide	","	Pop	"
789,"	789.mp3","Austin Leonard Jones	","	No Slow Dancing	","	Pop	"
790,"	790.mp3","Sycamore Drive	","	City Sounds	","	Pop	"
791,"	791.mp3","Lezet	","	West Bank	","	Pop	"
794,"	794.mp3","Two Bicycles	","	Window #3	","	Pop	"
795,"	795.mp3","Ergo Phizmiz	","	Simon Cowell	","	Pop	"
796,"	796.mp3","Learning Music	","	Ghost Transference	","	Pop	"
797,"	797.mp3","Monday Night Fever	","	Sunday Lovers	","	Pop	"
798,"	798.mp3","Casetofoane	","	Waha	","	Pop	"
799,"	799.mp3","Ducktails	","	Beach Point Pleasant	","	Pop	"
800,"	800.mp3","Les Oreilles-Quarante	","	Cinq	","	Pop	"
801,"	801.mp3","Keshco	","	Marty Feldman	","	Pop	"
804,"	804.mp3","Jahzzar	","	Birthday Cake	","	Pop	"
805,"	805.mp3","Keshco	","	Son Of A Systems Engineer Manager	","	Pop	"
806,"	806.mp3","coverclub.nl-Laura Vane & the Vipertones 	","	 Christmas Day With Me	","	Pop	"
807,"	807.mp3","Björn & Gorden	","	Ftgrr	","	Pop	"
808,"	808.mp3","Greg Gibbs	","	Lost	","	Pop	"
810,"	810.mp3","Los Amparito	","	El barzón	","	Pop	"
811,"	811.mp3","Party People in a Can	","	Tourist Shooting Tar Balls	","	Pop	"
813,"	813.mp3","My Bubba & Mi	","	Wild & You	","	Pop	"
814,"	814.mp3","etc.	","	re bitterfly	","	Pop	"
815,"	815.mp3","Plurabelle	","	LightLivid ","	Pop	"
818,"	818.mp3","Miró Belle	","	In Fielder	","	Pop	"
819,"	819.mp3","Ergo Phizmiz	","	Tilly's Punctured Romancer	","	Pop	"
820,"	820.mp3","Plurabelle	","	Wallflower	","	Pop	"
823,"	823.mp3","Gringo Star	","	You Want It	","	Pop	"
824,"	824.mp3","Sycamore Drive	","	Untold Story	","	Pop	"
825,"	825.mp3","FAVORS	","	I Keep My Soul Alive with Different Kinds of Germs	","	Pop	"
826,"	826.mp3","Dean & Britta	","	I'll Keep It With Mine	","	Pop	"
829,"	829.mp3","Jahzzar	","	Talk to me	","	Pop	"
830,"	830.mp3","Casetofoane	","	Enel	","	Pop	"
831,"	831.mp3","Casetofoane	","	Electrohood	","	Pop	"
833,"	833.mp3","Casetofoane	","	Rocky 5000	","	Pop	"
834,"	834.mp3","Keshco	","	Fly By Night	","	Pop	"
836,"	836.mp3","The Scallions	","	Memories Are Made of This	","	Pop	"
839,"	839.mp3","Ergo Phizmiz	","	Fun With Petroleum	","	Pop	"
841,"	841.mp3","Kurt Vile	","	Nicotine Blues	","	Pop	"
844,"	844.mp3","Gustav Taxén	","	Wizball	","	Pop	"
845,"	845.mp3","Christian Vestergaard	","	The Great Giana Sisters (Piano cover)	","	Pop	"
846,"	846.mp3","Flora	","	High Buildings	","	Pop	"
848,"	848.mp3","Shirley and Spinoza-Half	","	Eating Baby Lions Nightmare	","	Pop	"
850,"	850.mp3","Ergo Phizmiz	","	Strange Things	","	Pop	"
851,"	851.mp3","How How-Tetrolux 	","	 Etam Etamski	","	Pop	"
852,"	852.mp3","Andrea Baroni	","	Erebus (piano)	","	Pop	"
854,"	854.mp3","My Bubba & Mi	","	Through & Through	","	Pop	"
855,"	855.mp3","The Family Simpson	","	2","	Pop	"
856,"	856.mp3","Sloan	","	The Other Man	","	Pop	"
857,"	857.mp3","Charlotte Gainsbourg	","	Trick Pony (Live @ KEXP)	","	Pop	"
858,"	858.mp3","Jahzzar	","	Alive	","	Pop	"
859,"	859.mp3","Moonove	","	Delta	","	Pop	"
860,"	860.mp3","MrJuan	","	Señor Bomba	","	Pop	"
863,"	863.mp3","Computer Magic	","	The End of Time	","	Pop	"
864,"	864.mp3","Jahzzar	","	Polaroid	","	Pop	"
865,"	865.mp3","The Mythics	","	Love Me Like You	","	Pop	"
866,"	866.mp3","Deerhoof	","	Basket Ball Get Your Groove Back (Live @ KEXP)	","	Pop	"
867,"	867.mp3","Duda Nunes	","	Saudades	","	Pop	"
869,"	869.mp3","Plurabelle	","	cuts&bruises	","	Pop	"
871,"	871.mp3","Sycamore Drive	","	Deep Thought Process	","	Pop	"
872,"	872.mp3","Cranston	","	Ticking Away	","	Pop	"
873,"	873.mp3","YACHT	","	Summer Song (Instrumental)	","	Pop	"
874,"	874.mp3","Black Math	","	This Love's Got to Change	","	Pop	"
876,"	876.mp3","et_	","	Kopeika	","	Rock	"
879,"	879.mp3","State Shirt	","	Computer	","	Rock	"
880,"	880.mp3","Hogan Grip	","	Stance Gives You Balance	","	Rock	"
882,"	882.mp3","Jahzzar	","	The last ones	","	Rock	"
884,"	884.mp3","Ghost Hunter	","	Old White Eye	","	Rock	"
886,"	886.mp3","krackatoa	","	Mariachi Bandits of Gatling Gun Ridge	","	Rock	"
887,"	887.mp3","Kraus	","	Happening for Lulu	","	Rock	"
889,"	889.mp3","The Freak Fandango Orchestra	","	Requiem for a Fish	","	Rock	"
890,"	890.mp3","Holy Coast	","	The Beach! The Beach!	","	Rock	"
891,"	891.mp3","Gillicuddy	","	Jupiter The Blue	","	Rock	"
892,"	892.mp3","Paneye	","	North Sea Radio	","	Rock	"
893,"	893.mp3","Tyrannic Toy	","	Blackroad	","	Rock	"
897,"	897.mp3","reed blue & exteenager	","	arriba	","	Rock	"
898,"	898.mp3","Room For A Ghost	","	No	","	Rock	"
899,"	899.mp3","Linus Akesson	","	One Man And His Piano	","	Rock	"
902,"	902.mp3","Arrogalla remixes Dadub	","	Naramiddu poita (feat	","	Rock	"
903,"	903.mp3","Vivian Girls	","	Wild Eyes (live @ WFMU)	","	Rock	"
904,"	904.mp3","krackatoa	","	Something In the Woods	","	Rock	"
908,"	908.mp3","Karen Cooper Complex	","	You Can't Have It   Shinjuku Birdwalk	","	Rock	"
909,"	909.mp3","Juanitos	","	Exotica	","	Rock	"
910,"	910.mp3","YACHT	","	Utopia (instrumental)	","	Rock	"
911,"	911.mp3","Original Innocence	","	Jungle Law	","	Rock	"
913,"	913.mp3","Mountain Cult	","	Untitled 06	","	Rock	"
915,"	915.mp3","Noi	","	Everything Is Changing	","	Rock	"
921,"	921.mp3","Juanitos	","	Sambarama	","	Rock	"
924,"	924.mp3","Juanitos	","	Strange Italian Song	","	Rock	"
925,"	925.mp3","Charles Atlas	","	Photosphere	","	Rock	"
926,"	926.mp3","Everlone	","	Flying Alaska V	","	Rock	"
928,"	928.mp3",Waiters, the  13 O' Clock in the Morning ,"	Rock	"
931,"	931.mp3","Halloween	","	Mickey Maos	","	Rock	"
932,"	932.mp3","…And You Will Know Us By The Trail Of Dead	","	Crowning Of A Heart (Live @ KEXP)	","	Rock	"
934,"	934.mp3","Lame Drivers	","	Other Side	","	Rock	"
936,"	936.mp3","Dumbo Gets Mad	","	Plumy Tale	","	Rock	"
938,"	938.mp3","Milk Music	","	Thrashing In The Unknown	","	Rock	"
939,"	939.mp3","Richard There	","	You should go on	","	Rock	"
941,"	941.mp3","Morphamish+ Tekkerz	","	Get My Fix (Morphamish Mix)	","	Rock	"
942,"	942.mp3","Pajaro	","	Santa Leone	","	Rock	"
944,"	944.mp3","Shark 	","	Hey Grrl	","	Rock	"
945,"	945.mp3","The Ghost Of 29 Megacycles	","	Leelo (Part 1)	","	Rock	"
949,"	949.mp3","Waylon Thornton	","	Favorite Secrets	","	Rock	"
952,"	952.mp3","Glass Boy	","	Monday at 12	","	Rock	"
954,"	954.mp3","Doron Deutsch	","	Bruce Lee (acoustic Jam)	","	Rock	"
955,"	955.mp3","Everlone	","	Blind Eyes	","	Rock	"
956,"	956.mp3","end's not near	","	Indian Summer	","	Rock	"
957,"	957.mp3","un automne à Lob-Nor	","	boss A	","	Rock	"
958,"	958.mp3","Trailblazer	","	(Untitled 1)	","	Rock	"
959,"	959.mp3","springtide	","	Indyair	","	Rock	"
960,"	960.mp3","Anamanaguchi	","	Helix Nebula	","	Rock	"
961,"	961.mp3","James Beaudreau	","	Union Square	","	Rock	"
962,"	962.mp3","Ice Age	","	Rotting Heights	","	Rock	"
964,"	964.mp3","J.Walker & The Crossguards	","	Driftin' Around	","	Rock	"
967,"	967.mp3","Daniel Johnston	","	I Had A Dream	","	Rock	"
968,"	968.mp3","Abe Sada-Black	","	Bar Trombone	","	Rock	"
970,"	970.mp3","Pharaos	","	The Pharaos' Theme	","	Rock	"
973,"	973.mp3","Mount Carmel	","	Swagg's & Elliot	","	Rock	"
974,"	974.mp3","Karl Blau	","	Crucial Contact	","	Rock	"
976,"	976.mp3","Glass Boy	","	Merry Christmas	","	Rock	"
977,"	977.mp3","Black Math	","	Suck City	","	Rock	"
978,"	978.mp3","krackatoa	","	Absolutely Gorgeous	","	Rock	"
979,"	979.mp3","Rue Royale	","	Deck the Halls	","	Rock	"
980,"	980.mp3","Mahjongg	","	Tell The Police The Truth	","	Rock	"
981,"	981.mp3","Morphamish	","	Bottums Up	","	Rock	"
983,"	983.mp3","YACHT	","	Tripped & Fell In Love (instrumental)	","	Rock	"
985,"	985.mp3","Beach House	","	Zebra (Live @ KEXP)	","	Rock	"
986,"	986.mp3","Suicide	","	Girl	","	Rock	"
987,"	987.mp3","Jack Ruby	","	Hit and Run	","	Rock	"
988,"	988.mp3","Bluebrain	","	The Pull	","	Rock	"
989,"	989.mp3","Vespre	","	piste quatre	","	Rock	"
990,"	990.mp3","Jenifer Avila	","	El Tranvía	","	Rock	"
991,"	991.mp3","Moore & Sons	","	Moving Away	","	Rock	"
993,"	993.mp3","Hogan Grip	","	Stance Gives You Power	","	Rock	"
994,"	994.mp3","Morphamish remixes Full Blush	","	Engine #3 (Morphamish Remix)	","	Rock	"
995,"	995.mp3","Benjamin Bret	","	Honte De Toi	","	Rock	"
996,"	996.mp3","Jahzzar	","	Fireworks	","	Rock	"
997,"	997.mp3","Halloween	","	Monster On Campus	","	Rock	"
999,"	999.mp3","Jahzzar	","	So Easy	","	Rock	"
1000,"	1000.mp3","Republic Of Lights-Got You Surrounded 	","	 Single	","	Rock	"
